a_0,翔安王街x座 420514,s_160127
a_1,房山张街V座 641042,s_605928
a_2,高坪淮安路B座 280940,s_131728
a_3,东丽太原路Y座 678891,s_292193
a_4,南溪永安街C座 960428,s_307763
a_5,吉区高街s座 684346,s_575923
a_6,长寿郑路W座 267453,s_244674
a_7,浔阳六盘水路u座 640061,s_43985
a_8,崇文潮州路f座 735306,s_546442
a_9,闵行北镇路x座 564083,s_82771
a_10,丰都何路A座 705348,s_58414
a_11,海陵齐齐哈尔路E座 937986,s_554736
a_12,南湖罗路z座 398359,s_5258
a_13,海港台北路g座 813538,s_268545
a_14,上街北京路I座 445256,s_482152
a_15,静安张街N座 780521,s_240120
a_16,萧山太原路i座 258840,s_221564
a_17,高坪贵阳街r座 184700,s_511970
a_18,新城武汉路H座 195509,s_584473
a_19,蓟州澳门街t座 638110,s_104633
a_20,黄浦徐街s座 460156,s_364638
a_21,大兴广州路R座 297174,s_212833
a_22,翔安张街E座 669061,s_313283
a_23,沈河王路l座 133599,s_664938
a_24,东城张街r座 954863,s_298795
a_25,孝南乌鲁木齐路W座 863629,s_353511
a_26,翔安银川街c座 281360,s_26022
a_27,和平王街x座 795367,s_86965
a_28,蓟州南京路c座 352187,s_495712
a_29,黄浦齐齐哈尔路T座 662399,s_619509
a_30,翔安冯路k座 894957,s_664124
a_31,丰都夏路f座 949981,s_58908
a_32,秀英马鞍山路E座 483319,s_26115
a_33,和平陈街K座 649783,s_644292
a_34,友好甘路R座 450346,s_242140
a_35,翔安辛集街F座 941587,s_529840
a_36,梁平重庆路F座 324613,s_387040
a_37,浔阳潜江街c座 922115,s_4840
a_38,西夏刘路K座 749903,s_243043
a_39,友好吴街n座 278128,s_224593
a_40,梁平兴安盟街M座 984720,s_29312
a_41,海港宁德路m座 107025,s_516925
a_42,海陵余街a座 442299,s_73250
a_43,门头沟何街d座 662488,s_10775
a_44,龙潭郭街P座 711065,s_202783
a_45,华龙李街c座 191133,s_185996
a_46,南长广州路E座 801462,s_311100
a_47,滨城柳州街k座 987918,s_469475
a_48,新城惠州路K座 406658,s_268847
a_49,黄浦隋街a座 300155,s_185090
a_50,南长王街N座 348855,s_304092
a_51,萧山唐街Q座 322086,s_136616
a_52,闵行福州街A座 358355,s_209834
a_53,长寿太原街X座 596906,s_397071
a_54,闵行李街h座 167392,s_660470
a_55,西夏孔街O座 171212,s_572952
a_56,沈河南昌街u座 288333,s_631224
a_57,沙湾曹街v座 842677,s_95498
a_58,璧山李路s座 386684,s_127611
a_59,秀英陈路P座 286005,s_9567
a_60,牧野庞路h座 272948,s_248642
a_61,高明刘路f座 815049,s_249799
a_62,东城张路C座 706836,s_625330
a_63,山亭郭街D座 665094,s_378679
a_64,平山佘街D座 675820,s_157018
a_65,大东黄路r座 823013,s_536407
a_66,徐汇王路l座 573832,s_404852
a_67,黄浦江街k座 667944,s_87318
a_68,牧野许路l座 912595,s_147441
a_69,安次宁德路E座 104210,s_370943
a_70,沙湾上海路j座 700270,s_114824
a_71,崇文阜新路s座 543988,s_225885
a_72,魏都宜都街P座 797812,s_303538
a_73,蓟州侯路z座 422929,s_179085
a_74,兴山张家港路F座 553086,s_168155
a_75,西夏张街v座 537086,s_305781
a_76,长寿赵路K座 151816,s_381162
a_77,李路n座 267246,s_449027
a_78,大东六安街q座 744264,s_94356
a_79,怀柔澳门街v座 184230,s_238110
a_80,长寿太原路t座 949074,s_25060
a_81,蓟州凌路l座 915386,s_302073
a_82,锡山兴安盟路y座 597265,s_635168
a_83,西夏姬路m座 128556,s_171257
a_84,沈河刘路m座 509415,s_437769
a_85,沙湾兴城街r座 312415,s_172567
a_86,白云张家港路g座 921515,s_236798
a_87,沙湾赵路u座 351981,s_587575
a_88,大东柳州路G座 692278,s_470295
a_89,山亭申路t座 553889,s_584476
a_90,海港天津路o座 295809,s_374420
a_91,安次解街n座 523138,s_394072
a_92,沈河南宁路D座 519913,s_13916
a_93,大兴海口路s座 869944,s_207109
a_94,沈河海门街S座 441027,s_468118
a_95,兴山薛路f座 447367,s_105186
a_96,新城济南路Q座 863729,s_388454
a_97,平山蒋路z座 891635,s_369528
a_98,华龙合肥路A座 161816,s_524887
a_99,花溪丁街Q座 674510,s_393627
a_100,崇文宁德街e座 307864,s_290336
a_101,长寿田路M座 946451,s_346118
a_102,梁平天津路K座 964943,s_427447
a_103,赵路Y座 424857,s_395858
a_104,长寿毛路K座 474438,s_292720
a_105,平山黄路X座 828115,s_24622
a_106,牧野呼和浩特路T座 780610,s_18847
a_107,金平刘路z座 217467,s_398828
a_108,高港陈路T座 630909,s_626119
a_109,大兴马路p座 777421,s_477484
a_110,东城林街k座 308355,s_40875
a_111,西夏余路a座 169973,s_609111
a_112,沙湾孙街V座 646718,s_147869
a_113,滨城徐路S座 970781,s_489216
a_114,城东丁路K座 806521,s_423774
a_115,南溪何街x座 514342,s_86369
a_116,清河曹街y座 571209,s_315367
a_117,花溪佛山路J座 204819,s_224294
a_118,门头沟齐齐哈尔路e座 218722,s_190079
a_119,萧山赵街c座 970535,s_95911
a_120,徐汇刘街y座 418868,s_353653
a_121,吉区重庆街r座 582559,s_38702
a_122,白云张路B座 759310,s_326838
a_123,合川彭路d座 319017,s_614829
a_124,东丽辛集街H座 132766,s_655537
a_125,丰都北京路J座 725701,s_590095
a_126,朝阳万街F座 588996,s_462722
a_127,闵行柯街h座 317135,s_115974
a_128,蓟州陈路j座 949779,s_144866
a_129,黄浦彭街b座 612675,s_229186
a_130,六枝特陈路Y座 674597,s_606052
a_131,海港鲁街e座 611635,s_531921
a_132,萧山王路C座 564341,s_352034
a_133,城北济南街X座 870990,s_339155
a_134,东城王街S座 832956,s_640567
a_135,白云辽阳街w座 123323,s_84046
a_136,徐汇北京街M座 589532,s_539734
a_137,金平合肥路J座 345395,s_11674
a_138,高坪广州街E座 564946,s_584734
a_139,锡山拉萨路m座 260597,s_411110
a_140,安次福州街U座 783399,s_624664
a_141,上街沈阳街M座 978781,s_376156
a_142,崇文鲁街E座 677542,s_453457
a_143,兴山邯郸街T座 235455,s_422693
a_144,闵行仇路q座 255960,s_565033
a_145,东城哈尔滨街x座 457521,s_562396
a_146,六枝特陈路X座 257530,s_29890
a_147,高坪杨街A座 522676,s_35578
a_148,城东杭州路R座 883149,s_485444
a_149,丰都尹街j座 508000,s_342463
a_150,海港杨路z座 706672,s_77788
a_151,长寿南昌路I座 657831,s_470554
a_152,上街长春街q座 839965,s_47147
a_153,朝阳西宁路v座 582896,s_437490
a_154,静安昆明街l座 635873,s_339513
a_155,牧野商路o座 517168,s_524376
a_156,海港郑州街e座 966398,s_149740
a_157,萧山通辽路K座 139745,s_248194
a_158,六枝特戴街K座 494176,s_353549
a_159,海港哈尔滨路z座 291444,s_173690
a_160,门头沟西宁街G座 827110,s_422359
a_161,吉区周街X座 122531,s_588243
a_162,牧野惠州街F座 690885,s_260401
a_163,大兴哈尔滨路b座 492681,s_114613
a_164,清城哈尔滨街m座 227956,s_559966
a_165,清城澳门路w座 720913,s_267937
a_166,华龙辛集路D座 382197,s_227786
a_167,西夏李路n座 716896,s_252943
a_168,翔安朱路A座 740839,s_303989
a_169,门头沟柳州街K座 656163,s_396615
a_170,合川沈阳路X座 741562,s_182367
a_171,东城哈尔滨街R座 423763,s_577737
a_172,西夏杜路r座 642174,s_294538
a_173,锡山武汉路Q座 512821,s_304386
a_174,友好杨街P座 129565,s_621690
a_175,大兴孙路B座 702442,s_514663
a_176,翔安施路p座 667715,s_476696
a_177,房山南昌路C座 776465,s_534338
a_178,华龙张家港街a座 967555,s_644428
a_179,梁平惠州路s座 459646,s_511247
a_180,高坪冯路a座 403359,s_57763
a_181,秀英六安路V座 530566,s_547527
a_182,孝南杭州街U座 151662,s_297796
a_183,清浦海门街N座 849279,s_630385
a_184,龙潭东莞街s座 469521,s_146833
a_185,崇文淮安路b座 720862,s_303929
a_186,孝南南昌路l座 861364,s_329083
a_187,六枝特高街N座 414604,s_42121
a_188,双滦魏街A座 370613,s_651351
a_189,东丽张路Y座 413870,s_104410
a_190,涪城六盘水街I座 527214,s_24340
a_191,友好北镇路M座 426868,s_368287
a_192,静安哈尔滨街b座 850483,s_467143
a_193,牧野孙街T座 233804,s_627449
a_194,花溪杭州路w座 486990,s_628472
a_195,涪城郭街K座 226627,s_217621
a_196,门头沟史街E座 122111,s_582698
a_197,吉区杨街Q座 418424,s_288085
a_198,兴山通辽路b座 443377,s_184761
a_199,南长孙街H座 735911,s_470919
a_200,和平潜江路K座 977472,s_131533
a_201,南湖沈阳街T座 841499,s_562298
a_202,花溪贵阳街f座 204859,s_136910
a_203,房山邓街Q座 214407,s_122371
a_204,蓟州吴路f座 324025,s_393613
a_205,城北王街P座 928825,s_344293
a_206,永川晏街m座 864780,s_582932
a_207,黄街A座 369082,s_191941
a_208,海陵乌鲁木齐路C座 863483,s_155570
a_209,城北皮街O座 107808,s_1717
a_210,沈北新银川街l座 622362,s_52709
a_211,城东兰州街n座 859819,s_437535
a_212,蓟州缪街M座 218565,s_88072
a_213,永川萧街w座 965589,s_611766
a_214,东丽上海路X座 141228,s_514252
a_215,沈河董路A座 427025,s_193509
a_216,合川王街E座 691118,s_211412
a_217,清河王街m座 899330,s_496983
a_218,浔阳刘街l座 709456,s_250861
a_219,华龙北镇路E座 442824,s_441836
a_220,大兴刘路y座 406265,s_149342
a_221,闵行淮安路x座 398214,s_122778
a_222,朝阳潜江路e座 245208,s_109025
a_223,永川广州街r座 176453,s_442639
a_224,丰都贺街S座 539496,s_314140
a_225,江北何街H座 267469,s_274783
a_226,黄浦南宁街u座 217809,s_436828
a_227,上街刘街f座 166679,s_518708
a_228,崇文郑州街I座 121991,s_4860
a_229,崇文西宁路Q座 357275,s_178030
a_230,闵行李街I座 673349,s_4545
a_231,龙潭香港路o座 522784,s_405194
a_232,闵行安路d座 268501,s_89536
a_233,六枝特北京路P座 640162,s_521370
a_234,淄川呼和浩特路G座 808915,s_92246
a_235,高港赵路n座 878459,s_537676
a_236,友好福州路e座 658298,s_623658
a_237,南长关街g座 897107,s_469279
a_238,清浦郭街R座 558197,s_651879
a_239,永川张街Q座 754243,s_90258
a_240,嘉禾路i座 631682,s_127291
a_241,房山申路W座 147977,s_476913
a_242,滨城西宁路C座 393105,s_463136
a_243,大东南京街B座 543017,s_421503
a_244,花溪缪街r座 120277,s_82180
a_245,花溪天津街r座 235911,s_415211
a_246,牧野北京街q座 994159,s_579614
a_247,西峰银川街W座 982100,s_566829
a_248,海陵廖路R座 887889,s_570241
a_249,兴山何路k座 140599,s_26954
a_250,秀英佛山路k座 563293,s_539895
a_251,沙湾郑州路u座 646474,s_666345
a_252,怀柔刘街w座 876639,s_616040
a_253,长寿杜街C座 999474,s_239539
a_254,城北田路h座 946143,s_323402
a_255,清河王街L座 935699,s_308503
a_256,大兴张街G座 715166,s_461170
a_257,东城西安街z座 765167,s_659379
a_258,海陵东莞街l座 475491,s_171623
a_259,大兴张街Q座 269267,s_550837
a_260,翔安柳路Q座 703147,s_79605
a_261,高坪倪街J座 696682,s_607723
a_262,永川荆门街s座 230590,s_51791
a_263,安次任路l座 485427,s_621411
a_264,大东蒋路O座 903333,s_28426
a_265,沈阳路c座 468207,s_381012
a_266,滨城沈街B座 733647,s_159578
a_267,高坪乌鲁木齐街x座 308646,s_445291
a_268,涪城孟街B座 957884,s_316122
a_269,山亭巢湖街j座 472788,s_170631
a_270,沈河拉萨街v座 623685,s_405857
a_271,花溪王路A座 124649,s_459174
a_272,沈北新重庆路i座 254829,s_131682
a_273,牧野张路p座 235529,s_134151
a_274,长寿刘路S座 281659,s_377840
a_275,白云黄街Q座 927282,s_93176
a_276,涪城济南路d座 531153,s_561552
a_277,友好王街l座 804000,s_613526
a_278,南溪合山街G座 181987,s_640809
a_279,清浦贵阳路r座 675949,s_666164
a_280,东丽天津街z座 171730,s_105228
a_281,清城太原路J座 965372,s_145794
a_282,上街陈街Y座 129352,s_464396
a_283,崇文兴安盟路P座 288886,s_225775
a_284,平山张路x座 536958,s_121883
a_285,孝南王路Y座 809670,s_491570
a_286,吉区关岭路g座 949290,s_143174
a_287,门头沟李路e座 598371,s_446857
a_288,孝南上海路E座 525395,s_306362
a_289,海陵张路z座 787387,s_450723
a_290,徐汇南宁路y座 889979,s_36421
a_291,房山梧州路L座 655421,s_183399
a_292,西峰孔路M座 722421,s_128519
a_293,永川张街t座 823540,s_59070
a_294,永川合山街m座 148953,s_353931
a_295,安次潜江街o座 763443,s_317839
a_296,南溪宜都街e座 309247,s_491017
a_297,平山温街u座 329590,s_325497
a_298,闵行南昌街l座 423457,s_211141
a_299,翔安兴城路Q座 237043,s_147883
a_300,房山曾街u座 333569,s_232666
a_301,吉区崔街A座 878786,s_347273
a_302,长寿长春街F座 804739,s_495309
a_303,滨城南宁街C座 997078,s_565614
a_304,沙湾帅路o座 617872,s_71451
a_305,江北张路j座 427981,s_342802
a_306,浔阳关岭街I座 228360,s_318269
a_307,崇文林路x座 886973,s_163497
a_308,平山张街f座 527222,s_388593
a_309,安次长春路e座 446410,s_440600
a_310,白云阎街F座 234773,s_648692
a_311,江北王街Q座 636853,s_591979
a_312,闵行何路k座 168390,s_33859
a_313,城北哈尔滨路f座 940629,s_615608
a_314,高明苏街K座 670749,s_16312
a_315,南长汕尾路Q座 714347,s_107016
a_316,沈北新钟街h座 287188,s_12991
a_317,和平李街R座 602074,s_521332
a_318,大东张街j座 776608,s_480079
a_319,城北上海路r座 828564,s_126317
a_320,大东李街S座 313217,s_212937
a_321,沈北新广州路c座 386308,s_125721
a_322,上街张路b座 659640,s_618408
a_323,南长张街i座 143062,s_487250
a_324,闵行长春街F座 293193,s_128161
a_325,高坪林路j座 190675,s_225190
a_326,锡山温街p座 375360,s_616350
a_327,海陵澳门街D座 200797,s_264843
a_328,吉区乌鲁木齐路V座 521295,s_458633
a_329,徐汇赵路P座 318113,s_505116
a_330,长寿李街m座 668268,s_230371
a_331,友好福州路j座 905805,s_1956
a_332,浔阳贾路a座 917082,s_220108
a_333,西夏拉萨路y座 748763,s_401866
a_334,丰都周街K座 931555,s_651241
a_335,滨城王路p座 651490,s_160531
a_336,江北寇街l座 920174,s_398336
a_337,沙湾辽阳路E座 444661,s_564186
a_338,海港杨街W座 968138,s_18707
a_339,清城朱街I座 272509,s_587780
a_340,江北叶街x座 723240,s_611373
a_341,兴山东莞街b座 482237,s_290525
a_342,海港合肥街d座 471643,s_537720
a_343,长寿李路P座 483425,s_428089
a_344,牧野张家港路l座 675468,s_226453
a_345,城东贵阳街O座 110567,s_345635
a_346,高坪巢湖街I座 556412,s_537549
a_347,魏都齐齐哈尔街D座 971149,s_233015
a_348,东丽太原街r座 723979,s_609691
a_349,东丽成都街R座 184630,s_496521
a_350,萧山张家港街H座 915901,s_497330
a_351,江北通辽街I座 676146,s_440275
a_352,普陀武街f座 706352,s_94874
a_353,吉区阜新路K座 196520,s_589230
a_354,合川袁路f座 623865,s_154822
a_355,大东呼和浩特路S座 380100,s_211620
a_356,城北孙路P座 643694,s_205533
a_357,六枝特武汉街S座 496924,s_46019
a_358,闵行杨路F座 355235,s_12429
a_359,西夏南宁路A座 867053,s_256717
a_360,孝南佛山路d座 338600,s_438970
a_361,沈北新南京街Y座 526609,s_625736
a_362,海陵罗街q座 813191,s_342711
a_363,涪城吴街I座 654575,s_306668
a_364,梁平王街N座 603689,s_546246
a_365,魏都嘉禾路E座 350503,s_168232
a_366,璧山徐街y座 780980,s_517656
a_367,丰都官街k座 843376,s_80188
a_368,锡山萧路V座 104742,s_601743
a_369,孝南廖路Y座 734055,s_521805
a_370,浔阳左路m座 217716,s_338480
a_371,静安罗街u座 663613,s_379038
a_372,滨城南宁街I座 477080,s_88136
a_373,滨城沈阳路h座 160712,s_395322
a_374,翔安刘路o座 508412,s_542732
a_375,白云李路S座 735016,s_414884
a_376,永川南宁路x座 468120,s_155635
a_377,沈河香港路K座 246230,s_340603
a_378,涪城武汉路j座 254466,s_446299
a_379,淄川王街i座 173502,s_274110
a_380,普陀郑州街N座 139926,s_298063
a_381,朝阳海口路G座 417943,s_183571
a_382,永川陈路V座 141224,s_412822
a_383,花溪张路N座 526831,s_437364
a_384,永川沈阳街T座 141441,s_261528
a_385,六枝特嘉禾路f座 698593,s_377975
a_386,南湖巢湖街g座 277304,s_431129
a_387,滨城张家港路j座 481006,s_437642
a_388,璧山陈路v座 174264,s_429609
a_389,沙湾郑路Z座 538220,s_524407
a_390,璧山兴安盟路z座 335734,s_386497
a_391,平山赵街N座 716860,s_280580
a_392,龙潭张街t座 172383,s_187089
a_393,永川顾街W座 351416,s_495769
a_394,秀英福州街G座 495385,s_10736
a_395,大东永安街k座 236014,s_501750
a_396,怀柔吴街Y座 154973,s_401613
a_397,白云北京街i座 298992,s_578718
a_398,高明周街S座 392123,s_77364
a_399,门头沟黄街c座 667922,s_649470
a_400,沙湾张街e座 100386,s_75069
a_401,蓟州秦街l座 517934,s_104520
a_402,沙湾辽阳街P座 396018,s_75488
a_403,黄浦袁路X座 183235,s_397404
a_404,浔阳沈阳街l座 984767,s_8161
a_405,新城刘街K座 158284,s_554875
a_406,浔阳苏街G座 281145,s_657862
a_407,清浦古街y座 582851,s_44344
a_408,吉区张路t座 368364,s_445338
a_409,滨城惠州街R座 947691,s_21157
a_410,兴山王路F座 408830,s_400019
a_411,安次王街R座 796290,s_53573
a_412,兴山南宁街j座 462468,s_164932
a_413,清河乌鲁木齐街O座 180773,s_208427
a_414,丰都成都街G座 724205,s_51097
a_415,高明郑州路b座 849188,s_45862
a_416,东丽荆门路z座 554812,s_554976
a_417,滨城黄路d座 388788,s_490495
a_418,徐汇赵路P座 666998,s_613739
a_419,怀柔柳州路m座 714723,s_547267
a_420,浔阳陈路u座 332400,s_221846
a_421,平山温路O座 182902,s_98837
a_422,华龙北京街i座 516042,s_473760
a_423,永川杨街E座 914750,s_504117
a_424,西夏荆门路c座 894193,s_573611
a_425,大兴徐街U座 517282,s_106123
a_426,南溪李街r座 460955,s_231477
a_427,涪城拉萨路c座 702558,s_654222
a_428,友好北镇街c座 339730,s_526890
a_429,龙潭南宁街H座 420875,s_571743
a_430,清城北镇街b座 689237,s_527193
a_431,魏都潘街n座 429861,s_326582
a_432,南湖张街n座 831019,s_104567
a_433,兴山兴安盟街J座 953282,s_113798
a_434,六枝特卢街f座 391930,s_110807
a_435,南溪黄路v座 604262,s_420745
a_436,白云贵阳街T座 302613,s_15705
a_437,牧野石家庄路d座 456989,s_336654
a_438,南长贵阳路k座 606489,s_563882
a_439,合川吴路X座 749788,s_29456
a_440,浔阳陈街X座 794985,s_129130
a_441,璧山长春路c座 242671,s_310955
a_442,华龙赵路U座 602412,s_430840
a_443,翔安冯路a座 346196,s_557137
a_444,友好朱街p座 668924,s_280292
a_445,东城沈阳街n座 921876,s_537812
a_446,白云朱路t座 600939,s_394062
a_447,金平贵阳街W座 297447,s_179674
a_448,房山阜新路H座 898361,s_166831
a_449,大东郑街N座 524863,s_490231
a_450,江北魏街L座 853144,s_644899
a_451,清浦辛街e座 519766,s_272653
a_452,永川郑州路N座 794468,s_44989
a_453,淄川汕尾路e座 944002,s_442378
a_454,城东陈街b座 992607,s_405028
a_455,南湖北京街d座 130400,s_146356
a_456,清河李街l座 771599,s_338672
a_457,沈北新庞街I座 334330,s_276608
a_458,普陀潜江路P座 210730,s_243686
a_459,花溪袁街v座 747488,s_152714
a_460,清城合肥街o座 615966,s_69745
a_461,锡山昆明街E座 700023,s_191432
a_462,静安石家庄路b座 842889,s_317813
a_463,平山郑路D座 236178,s_224413
a_464,兴山路路j座 646359,s_343584
a_465,魏都殷路h座 818285,s_267354
a_466,高港赵街k座 817559,s_82586
a_467,怀柔龚路K座 726088,s_195036
a_468,黄浦赵路P座 432969,s_525997
a_469,永川西宁街c座 467770,s_389396
a_470,璧山西宁路x座 417983,s_269874
a_471,璧山马路P座 333861,s_117627
a_472,怀柔兰街I座 194209,s_655124
a_473,静安李街t座 780400,s_235528
a_474,门头沟上海街v座 679208,s_442859
a_475,沙湾任街g座 340526,s_4952
a_476,锡山海口路I座 626754,s_640624
a_477,锡山辛集街Q座 750868,s_640151
a_478,璧山马路V座 632273,s_14359
a_479,永川吴街Q座 636672,s_184840
a_480,沈河南昌路t座 796034,s_477615
a_481,清河叶路U座 246544,s_607940
a_482,清城深圳街r座 793448,s_469207
a_483,东丽郑州街I座 121787,s_388775
a_484,怀柔陈路f座 211459,s_187882
a_485,城北辛集路r座 433940,s_661351
a_486,长寿董路y座 775486,s_409415
a_487,和平丁街M座 367232,s_32948
a_488,西夏柳州街r座 818120,s_556924
a_489,六枝特文街F座 288242,s_235152
a_490,沈北新银川街H座 526235,s_19284
a_491,六枝特彭街d座 499930,s_232226
a_492,梁平姜路h座 580173,s_616445
a_493,兴山大冶路X座 197525,s_409857
a_494,清河昆明街R座 408601,s_413878
a_495,兴山温路g座 916951,s_48675
a_496,涪城兴安盟路W座 396632,s_211584
a_497,闵行张街l座 337723,s_269227
a_498,清浦辽阳路a座 993278,s_425884
a_499,崇文合山街D座 260089,s_254132
a_500,沙湾成都路k座 518130,s_521334
a_501,秀英郑路t座 713515,s_326752
a_502,六枝特张路H座 947887,s_341072
a_503,大东韩街j座 677293,s_2921
a_504,沙湾谭街D座 606381,s_560351
a_505,长寿单路M座 616486,s_136322
a_506,海港范街E座 135035,s_54611
a_507,海港高街e座 759815,s_31009
a_508,长寿北京街w座 492182,s_133713
a_509,海陵沈阳路C座 674571,s_651755
a_510,高明马街t座 599031,s_208390
a_511,合川王路u座 719089,s_548498
a_512,海港荆门街S座 928613,s_657207
a_513,牧野贵阳街J座 318729,s_363380
a_514,房山唐街B座 838135,s_152085
a_515,沙湾胡路L座 199764,s_226053
a_516,清河胡路g座 559006,s_169455
a_517,秀英薛街o座 409121,s_369239
a_518,涪城六安街d座 788035,s_594216
a_519,丰都西安街S座 101974,s_197736
a_520,花溪汕尾路A座 293907,s_319047
a_521,城北周路n座 791789,s_399023
a_522,朝阳六盘水街K座 181927,s_543805
a_523,合川周路p座 991853,s_97520
a_524,永川拉萨街S座 690634,s_634977
a_525,山亭北镇路N座 682285,s_185555
a_526,普陀倪路Q座 713208,s_251010
a_527,南湖香港街v座 695555,s_200900
a_528,怀柔陈街Z座 463867,s_168159
a_529,友好夏街K座 681202,s_268726
a_530,牧野常街l座 529364,s_319466
a_531,城北王路I座 643485,s_649428
a_532,孝南沈阳街S座 882396,s_663399
a_533,龙潭南昌路i座 448280,s_530340
a_534,花溪袁街t座 848182,s_3129
a_535,兴山银川街P座 867048,s_387459
a_536,长寿荆门街L座 963676,s_287421
a_537,长寿邵路S座 603011,s_208413
a_538,蓟州何路U座 604192,s_555291
a_539,秀英王路X座 332821,s_71010
a_540,城北杨路t座 871718,s_318792
a_541,台北路H座 948388,s_71573
a_542,梁平赖街X座 969336,s_556744
a_543,陈街O座 127259,s_537741
a_544,海陵潜江路a座 916714,s_309236
a_545,高港深圳街b座 919765,s_254112
a_546,花溪赵路t座 659866,s_519084
a_547,华龙王街h座 290954,s_49647
a_548,高坪宁德路j座 809630,s_201454
a_549,锡山兴城路F座 135973,s_216726
a_550,东城高街A座 905404,s_119768
a_551,魏都陈路b座 524201,s_545301
a_552,锡山福州街j座 636885,s_186695
a_553,崇文佛山街g座 410762,s_458158
a_554,西夏张街p座 953038,s_78639
a_555,静安刘路h座 423641,s_116048
a_556,龙潭哈尔滨路z座 835157,s_387722
a_557,白云左路b座 276556,s_628492
a_558,江北王路K座 656701,s_432478
a_559,丰都葛路B座 678860,s_421793
a_560,西峰兴安盟街h座 204506,s_46541
a_561,西夏大冶街H座 656827,s_248924
a_562,城东长沙路W座 380393,s_193801
a_563,涪城周街k座 529887,s_40940
a_564,静安沈路e座 533191,s_86231
a_565,清河陶街x座 121355,s_496240
a_566,长寿昆明路H座 642302,s_465808
a_567,浔阳南昌街w座 154864,s_594587
a_568,锡山张路M座 526842,s_7568
a_569,六枝特石家庄街y座 398408,s_281658
a_570,白云拉萨路c座 156090,s_325668
a_571,静安沈阳路z座 523627,s_605083
a_572,安次祝街n座 159232,s_631330
a_573,浔阳刘路D座 442134,s_40869
a_574,高明严街L座 966367,s_585060
a_575,房山毕街l座 313084,s_556761
a_576,和平长沙路d座 834852,s_162077
a_577,门头沟深圳街f座 733089,s_20035
a_578,怀柔马街W座 112901,s_403750
a_579,合川姜街Y座 109350,s_513789
a_580,黄浦王街q座 185112,s_418436
a_581,合川葛路q座 312253,s_104779
a_582,南湖陈路x座 617460,s_393396
a_583,梁平澳门街h座 618552,s_608102
a_584,新城杭州街O座 942882,s_98684
a_585,永川北京路t座 141856,s_191843
a_586,沈河嘉禾路e座 533152,s_61678
a_587,蓟州济南街K座 317458,s_413854
a_588,白云汪街d座 698731,s_303768
a_589,大兴六安街Z座 631608,s_236301
a_590,西峰葛街N座 899133,s_478583
a_591,沈北新刘路R座 863998,s_233569
a_592,龙潭荆门街g座 228713,s_663355
a_593,龙潭通辽街r座 902104,s_549635
a_594,永川阮路S座 792865,s_427248
a_595,徐汇张街b座 191077,s_466312
a_596,璧山哈尔滨路R座 844075,s_541647
a_597,双滦太原路X座 949445,s_389275
a_598,淄川宫路X座 101349,s_344657
a_599,孝南崔街Q座 235086,s_422787
a_600,清城梁路E座 398063,s_62109
a_601,山亭马鞍山街t座 507604,s_666745
a_602,徐汇康路u座 694535,s_507242
a_603,淄川潘路F座 604930,s_534236
a_604,上海路v座 969562,s_313706
a_605,长寿冷路Y座 280363,s_360188
a_606,静安孙路F座 691284,s_596435
a_607,牧野合山街V座 840803,s_15001
a_608,长寿宁德路r座 322127,s_433868
a_609,和平巢湖路j座 240091,s_140214
a_610,闵行廖路S座 673163,s_199747
a_611,静安陆路I座 920445,s_615985
a_612,徐汇郑州路B座 280101,s_167871
a_613,南溪海口街F座 565020,s_449852
a_614,江北宜都街l座 536755,s_153597
a_615,徐汇吕街A座 181147,s_660493
a_616,魏都永安街c座 549515,s_508406
a_617,新城福州街H座 783189,s_389649
a_618,怀柔周街x座 297285,s_378649
a_619,清河梅路h座 353008,s_334943
a_620,魏都王路Z座 139877,s_425943
a_621,龙潭永安街N座 640091,s_262755
a_622,高坪福州路o座 184043,s_107146
a_623,平山刘路v座 810179,s_667062
a_624,新城长春街j座 909517,s_640562
a_625,魏都张路Z座 238938,s_135893
a_626,普陀黄路S座 390212,s_322763
a_627,平山上海路u座 835149,s_536211
a_628,合川时路o座 305430,s_597269
a_629,南长孙街v座 478662,s_180934
a_630,金平拉萨路w座 520387,s_445995
a_631,大兴南昌路C座 421834,s_407444
a_632,花溪深圳街R座 654638,s_174479
a_633,牧野左路m座 525943,s_103096
a_634,永川兰街z座 805622,s_593940
a_635,魏都阳路R座 170239,s_233484
a_636,淄川刘路j座 727768,s_438903
a_637,崇文匡街I座 471708,s_573384
a_638,淄川孙街h座 146660,s_446370
a_639,和平海口街Q座 916517,s_613203
a_640,吉区天津街v座 921896,s_186280
a_641,金平巢湖街D座 689389,s_59816
a_642,江北郑街j座 582826,s_72764
a_643,永川陈路J座 668779,s_471242
a_644,南湖傅路s座 334484,s_448999
a_645,清城曾路u座 562690,s_221589
a_646,和平佛山街O座 601756,s_272963
a_647,长寿莫街m座 639442,s_342062
a_648,清城钟路d座 810421,s_147945
a_649,新城合山街o座 755664,s_63171
a_650,山亭通辽路m座 864704,s_101945
a_651,浔阳哈尔滨路t座 137597,s_572475
a_652,东丽王路w座 196442,s_398090
a_653,牧野沈阳街j座 571614,s_400021
a_654,江北六盘水路S座 821781,s_570123
a_655,南溪林路b座 387477,s_491962
a_656,锡山李路r座 928845,s_591966
a_657,秀英潜江街y座 166394,s_518510
a_658,西峰佛山路d座 945157,s_27719
a_659,滨城广州路E座 266667,s_487958
a_660,南长丁路I座 758128,s_74015
a_661,丰都淮安路C座 292000,s_255250
a_662,永川冀街s座 925879,s_222974
a_663,和平李街G座 228657,s_79338
a_664,闵行罗街B座 588240,s_197562
a_665,永川通辽街H座 477845,s_39060
a_666,南长兴安盟路i座 834058,s_636173
a_667,山亭陈街R座 609525,s_140205
a_668,友好石家庄路D座 974223,s_462900
a_669,沙湾容街V座 456169,s_410554
a_670,沙湾何路m座 924372,s_470671
a_671,怀柔李路i座 847309,s_270676
a_672,大东北京街p座 214124,s_346710
a_673,大东陆路P座 514561,s_591991
a_674,和平程路t座 909383,s_628329
a_675,东城太原路n座 874742,s_288664
a_676,普陀刘街r座 473255,s_458375
a_677,东城陈路r座 856362,s_118522
a_678,海港谭街V座 480294,s_240555
a_679,江北杨街M座 610648,s_357464
a_680,平山周街f座 725306,s_455925
a_681,东丽李路o座 243726,s_169380
a_682,璧山马鞍山路D座 888273,s_452311
a_683,门头沟哈尔滨路h座 972898,s_53613
a_684,翔安潜江街A座 318359,s_485236
a_685,海陵马鞍山街r座 730529,s_216109
a_686,锡山胡街i座 455917,s_343431
a_687,海港柳州路L座 626714,s_463077
a_688,大兴覃街h座 247566,s_267261
a_689,大东谭路B座 940629,s_363862
a_690,怀柔深圳路i座 327941,s_250969
a_691,涪城张家港路o座 702553,s_118696
a_692,高明潮州路N座 176205,s_628788
a_693,锡山赵路k座 913432,s_604064
a_694,友好杭州街f座 497388,s_399040
a_695,高明淮安街V座 109442,s_104800
a_696,合川上海路y座 258198,s_76885
a_697,黄浦佛山路A座 652618,s_220324
a_698,南长顾街H座 278018,s_253287
a_699,南溪王路e座 129304,s_214915
a_700,花溪广州街o座 929055,s_316546
a_701,高港贵阳路O座 145616,s_252652
a_702,翔安澳门街g座 165938,s_548499
a_703,城东谭路X座 532262,s_58527
a_704,和平张街l座 610881,s_504138
a_705,涪城梧州路U座 239325,s_94909
a_706,华龙澳门路l座 132814,s_432924
a_707,合川李街c座 261256,s_560027
a_708,淄川罗路f座 983712,s_343444
a_709,合川陈路u座 190328,s_197573
a_710,南溪南京路d座 489326,s_282439
a_711,华龙罗路N座 985673,s_481765
a_712,城北石家庄路A座 641817,s_499422
a_713,平山梧州街N座 986079,s_283093
a_714,秀英袁街y座 999745,s_487184
a_715,大兴段街X座 289764,s_154876
a_716,房山黄街T座 139991,s_381087
a_717,沙湾淮安街E座 130472,s_398866
a_718,房山徐街D座 160511,s_203342
a_719,南湖宁德路N座 531614,s_296573
a_720,长寿杨街F座 689136,s_134116
a_721,友好淮安街x座 128612,s_110251
a_722,梁平马鞍山路e座 725623,s_554786
a_723,蓟州张街C座 484610,s_176607
a_724,上街李路W座 444945,s_414848
a_725,友好成都路w座 759013,s_481309
a_726,锡山郑街i座 121960,s_251969
a_727,魏都西安街v座 364974,s_314393
a_728,南湖潮州街e座 693632,s_60430
a_729,翔安通辽街M座 403924,s_82696
a_730,璧山澳门街A座 206365,s_499418
a_731,华龙齐街J座 121813,s_575234
a_732,秀英游街o座 185276,s_440400
a_733,闵行石家庄街j座 901820,s_266450
a_734,翔安巢湖街v座 701703,s_594161
a_735,滨城赵街H座 240588,s_4423
a_736,高明哈尔滨街M座 552053,s_554430
a_737,静安沈阳街w座 115477,s_257015
a_738,友好马鞍山街T座 481870,s_209508
a_739,崇文罗街S座 930374,s_127526
a_740,南溪刘路V座 367823,s_453525
a_741,花溪辽阳路d座 120462,s_71428
a_742,合川张家港街V座 744242,s_455142
a_743,璧山张路X座 938139,s_632055
a_744,南溪杨路e座 498151,s_356267
a_745,海陵台北路J座 206869,s_61628
a_746,华龙潘路q座 704991,s_372940
a_747,高港贵阳街D座 245743,s_489689
a_748,金平南宁街Q座 644151,s_278582
a_749,兴山深圳路P座 561039,s_144821
a_750,浔阳柳州路D座 349783,s_207702
a_751,上街赵街s座 521670,s_247056
a_752,合川杭州街B座 535423,s_478499
a_753,高明甘街O座 543480,s_401896
a_754,吉区林路Y座 853427,s_452308
a_755,南湖天津路O座 149002,s_484263
a_756,清河沈阳路E座 647645,s_59762
a_757,友好黄路C座 190965,s_133882
a_758,山亭陆街Q座 665148,s_199435
a_759,永川通辽街y座 635869,s_436551
a_760,闵行西宁街r座 233959,s_528701
a_761,花溪大冶街Z座 463710,s_198388
a_762,清河徐街C座 330858,s_321285
a_763,黄浦通辽路H座 739857,s_422600
a_764,西夏西安路g座 512834,s_604904
a_765,房山张路j座 873461,s_92542
a_766,翔安陈路f座 657948,s_607134
a_767,高坪巢湖街D座 588029,s_632753
a_768,门头沟长春路T座 410085,s_312591
a_769,翔安余街V座 796993,s_62299
a_770,永川王街b座 673822,s_41281
a_771,静安石街a座 281391,s_163589
a_772,吉区香港路h座 549539,s_190067
a_773,沙湾石家庄路S座 422366,s_372320
a_774,永川王街p座 632124,s_412171
a_775,永川林街I座 507136,s_217249
a_776,南长昆明路x座 175078,s_466864
a_777,房山杭州街C座 991838,s_407874
a_778,沈北新香港街A座 551385,s_279122
a_779,崇文裴路e座 386198,s_638652
a_780,花溪林路H座 735130,s_667862
a_781,双滦福州路S座 166637,s_661678
a_782,吉区覃街R座 535953,s_326048
a_783,秀英合肥街o座 668607,s_179307
a_784,华龙永安路z座 256711,s_300120
a_785,房山胡街h座 165615,s_154432
a_786,海港顾街F座 906069,s_652561
a_787,华龙章路S座 643753,s_568865
a_788,高坪周路A座 566048,s_413700
a_789,孝南马鞍山街w座 430220,s_661868
a_790,海港大冶路Z座 245754,s_309011
a_791,西夏冯街d座 785017,s_158701
a_792,翔安郑州街S座 725527,s_150937
a_793,房山香港街C座 938819,s_475783
a_794,萧山王路I座 165603,s_74538
a_795,新城潮州街J座 802324,s_33210
a_796,沈北新永安路k座 442433,s_47579
a_797,安次永安路b座 884492,s_615727
a_798,徐汇杨街D座 901001,s_231064
a_799,清河周街o座 290111,s_503604
a_800,沙湾六安路z座 918509,s_481452
a_801,沙湾兴安盟路d座 582971,s_295877
a_802,沙湾乌鲁木齐街d座 592651,s_421938
a_803,高坪太原路y座 879069,s_137274
a_804,大兴张家港街Y座 396419,s_348549
a_805,南长邯郸路U座 837911,s_372496
a_806,大东张路Y座 304889,s_205846
a_807,浔阳胡路s座 607111,s_64316
a_808,秀英张家港路E座 283459,s_612695
a_809,安次黄路J座 593591,s_223592
a_810,大兴银川路T座 858236,s_116846
a_811,东丽曹街z座 414979,s_173375
a_812,六枝特广州路Q座 316826,s_620063
a_813,大东南昌路l座 242359,s_341452
a_814,魏都嘉禾街B座 765158,s_589871
a_815,静安辛集街p座 191827,s_660601
a_816,梁平王街t座 529657,s_89447
a_817,华龙太原街a座 402723,s_270862
a_818,璧山柳州路f座 546777,s_203908
a_819,徐汇兴城路g座 258242,s_559053
a_820,西峰深圳街E座 995420,s_630232
a_821,和平孙街T座 301931,s_243284
a_822,花溪合山路V座 262344,s_507099
a_823,东城胡街B座 393625,s_296140
a_824,蓟州曾路u座 148643,s_520093
a_825,柳州街W座 371103,s_76086
a_826,海港段路O座 752376,s_450331
a_827,城东董街Q座 265951,s_484184
a_828,双滦郁路g座 196729,s_484415
a_829,龙潭聂街h座 698533,s_507958
a_830,南湖周路b座 101664,s_28541
a_831,长寿鲍街I座 899780,s_150701
a_832,沙湾巢湖街f座 585140,s_295773
a_833,滨城安街t座 917010,s_50727
a_834,山亭台北街F座 325627,s_282258
a_835,南长雷路a座 797456,s_90539
a_836,普陀潮州路h座 958160,s_481464
a_837,和平哈尔滨路c座 468719,s_294005
a_838,城东徐路U座 819897,s_112740
a_839,沈河昆明街q座 842820,s_171374
a_840,长寿巢湖路y座 654407,s_89576
a_841,秀英张街A座 532966,s_166418
a_842,合川惠州街p座 185556,s_177063
a_843,沙湾阜新路W座 541117,s_498517
a_844,清城关岭街D座 530632,s_125947
a_845,六枝特张路m座 172575,s_28639
a_846,沈河辽阳路L座 766897,s_382787
a_847,沙湾张街Q座 440761,s_191501
a_848,清城薄街S座 238230,s_14180
a_849,金平石家庄路Y座 655027,s_154237
a_850,阎街y座 735300,s_593571
a_851,沈河李路z座 596962,s_401421
a_852,普陀六安街Y座 301608,s_233128
a_853,南湖长沙路e座 113758,s_419226
a_854,兴山南宁街c座 120285,s_14593
a_855,安次哈尔滨路X座 538210,s_403711
a_856,沙湾海门路m座 212818,s_139899
a_857,华龙高路a座 117742,s_658056
a_858,东丽季街Y座 184125,s_636629
a_859,南湖北镇街f座 314326,s_519204
a_860,平山巢湖街b座 423044,s_535430
a_861,魏都郑州路U座 438691,s_300654
a_862,城东陈街C座 355952,s_171718
a_863,龙潭郑州路n座 572754,s_278846
a_864,沈北新柳州街X座 112579,s_209545
a_865,黄浦银川街i座 336347,s_563430
a_866,山亭宜都路r座 720731,s_653680
a_867,牧野南京路P座 869276,s_314170
a_868,房山任路V座 187245,s_495093
a_869,沈河刘路W座 152724,s_275305
a_870,南湖梧州街u座 625650,s_612688
a_871,璧山花路N座 208579,s_143466
a_872,白云兴安盟路k座 723794,s_135682
a_873,梁平庞街W座 459123,s_295835
a_874,城北王街d座 604929,s_194587
a_875,海陵萧路c座 495762,s_564327
a_876,南湖兴城街U座 568310,s_212791
a_877,白云朱街i座 357914,s_360493
a_878,大兴郭街o座 717330,s_5327
a_879,清浦重庆街F座 339975,s_228198
a_880,清城潮州街V座 551936,s_217690
a_881,静安冯街K座 326812,s_292172
a_882,新城银川路o座 815977,s_542773
a_883,梁平柳州路H座 166462,s_502760
a_884,清河郑州街l座 737028,s_633945
a_885,双滦关岭街i座 313249,s_39529
a_886,丰都杨街B座 750640,s_394703
a_887,和平长沙路I座 883739,s_150388
a_888,东丽贵阳街M座 638583,s_460255
a_889,白云齐齐哈尔街J座 545381,s_18916
a_890,平山哈尔滨街F座 207773,s_345204
a_891,南长吴街e座 454028,s_35032
a_892,平山杭州街f座 601452,s_338204
a_893,长寿蔡街S座 564179,s_354249
a_894,萧山王街i座 849194,s_31070
a_895,平山佛山路l座 921948,s_640086
a_896,闵行武汉路f座 902970,s_640066
a_897,南溪巢湖路I座 656435,s_110482
a_898,沈河乌鲁木齐街d座 668719,s_396814
a_899,徐汇蔡路c座 717281,s_63918
a_900,龙潭淮安路N座 538373,s_267007
a_901,徐汇兰州街n座 212443,s_656684
a_902,大东欧街S座 458499,s_666905
a_903,牧野杭州路a座 197463,s_128868
a_904,丰都罗路a座 102053,s_574487
a_905,浔阳周路a座 850817,s_175694
a_906,六枝特陈路G座 539957,s_246294
a_907,长寿张路v座 765986,s_205053
a_908,门头沟邱路D座 698638,s_155628
a_909,南长宁路s座 622837,s_177846
a_910,安次深圳路Y座 859822,s_256862
a_911,大兴广州街L座 387294,s_512908
a_912,吉区济南街C座 743217,s_658296
a_913,滨城关岭街M座 690550,s_182519
a_914,吉区贵阳街S座 536592,s_515492
a_915,长寿北镇街x座 167969,s_430254
a_916,六枝特上海路c座 406293,s_45218
a_917,徐汇辽阳路o座 928402,s_401560
a_918,吉区兰街c座 585777,s_327410
a_919,花溪宁街h座 118163,s_359274
a_920,锡山何路e座 250927,s_157245
a_921,高港辛集路v座 654263,s_14583
a_922,双滦长春路G座 814533,s_325203
a_923,大东刘街d座 558265,s_317981
a_924,永川沈阳街q座 687327,s_455950
a_925,静安济南路o座 789259,s_258440
a_926,永川邯郸街z座 997170,s_662690
a_927,徐汇太原街X座 791211,s_135605
a_928,高港澳门街a座 967756,s_614281
a_929,翔安施路Z座 231721,s_63914
a_930,牧野香港路q座 371017,s_25301
a_931,华龙淮安路a座 973302,s_379728
a_932,丰都吴路H座 108621,s_532722
a_933,西夏重庆路O座 921036,s_349326
a_934,海陵呼和浩特街j座 183026,s_359495
a_935,涪城辽阳街h座 988939,s_77480
a_936,友好李路O座 431204,s_189842
a_937,高港彭街C座 516359,s_474205
a_938,新城香港街h座 837511,s_456356
a_939,江北重庆路w座 346062,s_363512
a_940,西安街y座 471087,s_12104
a_941,锡山田路x座 652946,s_312829
a_942,房山海门路A座 407258,s_63198
a_943,房山栾街O座 111276,s_145543
a_944,金平胡路U座 190149,s_241653
a_945,龙潭孙街u座 966962,s_616355
a_946,西夏温路r座 693524,s_588745
a_947,南湖银川街s座 392192,s_568743
a_948,浔阳唐路s座 364778,s_261279
a_949,六枝特汕尾路Z座 638692,s_545228
a_950,花溪太原街G座 970923,s_370781
a_951,城北贾路D座 610749,s_204725
a_952,永川王路T座 194145,s_388678
a_953,门头沟李街A座 490755,s_424190
a_954,长寿昆明路l座 689401,s_656682
a_955,山亭胡路W座 789851,s_213776
a_956,秀英龙街P座 540491,s_8431
a_957,南湖永安街b座 642409,s_7993
a_958,浔阳台北路r座 618733,s_618883
a_959,翔安曾路S座 271167,s_500587
a_960,和平唐街s座 797145,s_452666
a_961,丰都张街F座 999016,s_567426
a_962,门头沟太原街M座 378508,s_306626
a_963,金平袁路G座 623048,s_431407
a_964,华龙王路M座 574879,s_212627
a_965,翔安六盘水街d座 146448,s_482808
a_966,东城李路O座 416452,s_478507
a_967,六枝特惠州街C座 110129,s_404700
a_968,璧山严路Q座 895673,s_301075
a_969,吉区成都街O座 846664,s_435499
a_970,孝南龚街o座 311067,s_269018
a_971,花溪南京街O座 540011,s_145707
a_972,普陀戴路C座 588223,s_558997
a_973,长寿巢湖街u座 888488,s_77780
a_974,崇文嘉禾路W座 798306,s_404020
a_975,合川张路l座 805067,s_358876
a_976,丰都济南路e座 447575,s_52825
a_977,大东荆门路p座 646597,s_481660
a_978,山亭周街o座 722237,s_39381
a_979,大兴台北街y座 179128,s_332163
a_980,永川李路r座 850438,s_239761
a_981,孝南北京路N座 193670,s_594935
a_982,兴山合山路p座 363581,s_207513
a_983,朝阳游街z座 316315,s_429825
a_984,沙湾太原街R座 485993,s_613355
a_985,新城嘉禾路Q座 194746,s_455287
a_986,浔阳逯街h座 489415,s_75232
a_987,大兴张路L座 423956,s_49760
a_988,高坪巢湖街X座 871579,s_613750
a_989,城北马鞍山街L座 141282,s_120636
a_990,淄川王街P座 980490,s_140182
a_991,魏都张街Q座 566007,s_604825
a_992,璧山梧州街u座 839261,s_440758
a_993,海陵郭路h座 150888,s_257060
a_994,新城周街c座 236789,s_330116
a_995,门头沟马鞍山街z座 703403,s_421789
a_996,兴山梧州路O座 196114,s_541047
a_997,张家港路X座 201047,s_162269
a_998,上街母街Q座 155299,s_624037
a_999,白云巢湖路P座 505103,s_467194
